,TMAX,TMAX,TMAX,TMAX,TMAX,TMAX,TMAX,TMAX,PRCP,PRCP,PRCP,PRCP,PRCP,PRCP,PRCP,PRCP,SNOW,SNOW,SNOW,SNOW,SNOW,SNOW,SNOW,SNOW,1. open,1. open,1. open,1. open,1. open,1. open,1. open,1. open,4. close,4. close,4. close,4. close,4. close,4. close,4. close,4. close,5. volume,5. volume,5. volume,5. volume,5. volume,5. volume,5. volume,5. volume
,count,mean,std,min,25%,50%,75%,max,count,mean,std,min,25%,50%,75%,max,count,mean,std,min,25%,50%,75%,max,count,mean,std,min,25%,50%,75%,max,count,mean,std,min,25%,50%,75%,max,count,mean,std,min,25%,50%,75%,max
DATE,,,,,,,,,,,,,,,,,,,,,,,,,,,,,,,,,,,,,,,,,,,,,,,,
2010-01-31,19.0,3.9000000000000004,4.640282558446438,-5.0,0.8500000000000001,3.9,6.15,13.9,19.0,1.8631578947368421,7.273483845548982,0.0,0.0,0.0,0.0,31.8,19.0,2.526315789473684,8.140218540969084,0.0,0.0,0.0,0.0,33.0,19.0,10.089978947368422,0.3591347744215678,9.39,9.955,10.05,10.32,10.73,19.0,10.074105263157895,0.3955842226289899,9.31,9.879999999999999,10.09,10.335,10.83,19.0,34922020.84210526,10780498.549050014,20087084.0,27248300.5,33375118.0,41183702.5,57940801.0
2010-02-28,19.0,3.1105263157894742,1.9516075245357507,0.6,1.7,2.8,4.15,7.2,19.0,8.921052631578945,15.384211926783482,0.0,0.0,0.0,10.8,50.8,19.0,49.31578947368421,99.23208073981525,0.0,0.0,0.0,12.5,292.0,19.0,9.481594736842105,0.4976621884970257,8.73,8.96,9.68,9.825,10.15,19.0,9.411052631578947,0.48878414614272014,8.53,8.94,9.62,9.815000000000001,10.0,19.0,25315696.684210528,6754471.144172478,13983289.0,21646287.5,25279105.0,27496585.0,40661589.0
2010-03-31,23.0,12.830434782608695,4.605178387879206,5.0,9.15,11.7,16.1,22.2,23.0,6.904347826086957,16.038745084124187,0.0,0.0,0.0,3.2,62.2,23.0,0.0,0.0,0.0,0.0,0.0,0.0,0.0,23.0,7.762173913043478,0.5619928543846857,6.9,7.324999999999999,7.82,8.18,8.66,23.0,7.739999999999999,0.5433063759811937,6.91,7.335,7.77,8.225,8.65,23.0,24740640.260869566,9824126.482922615,11349239.0,19349707.5,22375238.0,27881435.0,51972305.0
2010-04-30,21.0,20.290476190476195,5.241937119224606,11.7,17.2,20.6,22.8,33.3,21.0,1.6714285714285713,4.3016442039228275,0.0,0.0,0.0,0.0,17.5,21.0,0.0,0.0,0.0,0.0,0.0,0.0,0.0,21.0,7.255714285714287,0.2256451069394465,6.83,7.07,7.25,7.46,7.59,21.0,7.260952380952382,0.24062220932209802,6.86,7.08,7.18,7.47,7.66,21.0,31871594.61904762,13620281.685700845,16259061.0,23184953.0,28611452.0,36922905.0,80613870.0
2010-05-31,20.0,23.000000000000004,6.05779185060556,8.9,19.0,24.450000000000003,26.825,33.3,20.0,3.7749999999999995,9.407324973545599,0.0,0.0,0.0,0.8500000000000001,32.8,20.0,0.0,0.0,0.0,0.0,0.0,0.0,0.0,20.0,7.235750000000001,0.2497118075744622,6.9,7.01,7.2125,7.422499999999999,7.75,20.0,7.219665000000002,0.23474961414687184,6.812,7.024825,7.215,7.433,7.63,20.0,27185173.1,8557980.9052545,14946532.0,22167254.0,23847189.5,33322251.25,45144685.0
2010-06-30,22.0,27.936363636363637,4.111950696219317,20.0,23.9,29.7,30.6,33.9,22.0,2.1772727272727272,5.45622683320729,0.0,0.0,0.0,0.22499999999999998,22.6,22.0,0.0,0.0,0.0,0.0,0.0,0.0,0.0,22.0,8.157727272727273,0.3862263315994641,7.32,8.022499999999999,8.155000000000001,8.375,8.72,22.0,8.182272727272725,0.3205491095007622,7.55,7.994999999999999,8.16,8.377500000000001,8.83,22.0,28597777.681818184,13276267.767605167,13775910.0,19249116.75,26989874.0,32433767.0,68759164.0
2010-07-31,21.0,31.67142857142857,3.388678629959302,25.0,30.6,31.7,33.3,39.4,21.0,2.7190476190476187,6.185516877967358,0.0,0.0,0.0,0.5,21.3,21.0,0.0,0.0,0.0,0.0,0.0,0.0,0.0,21.0,7.75452380952381,0.2878537161559008,7.28,7.57,7.72,8.065,8.22,21.0,7.707619047619046,0.2462499697848663,7.28,7.58,7.74,7.87,8.26,21.0,18496047.476190478,7520153.418777695,10018862.0,12725260.0,15325694.0,22172191.0,37462907.0
2010-08-31,22.0,29.84545454545454,4.622793143784009,20.6,27.8,31.1,33.175,35.6,22.0,2.645454545454545,7.614880624567068,0.0,0.0,0.0,0.375,26.7,22.0,0.0,0.0,0.0,0.0,0.0,0.0,0.0,22.0,7.0879545454545445,0.5356452697246143,6.26,6.695,7.1,7.32,8.03,22.0,7.04077272727273,0.5060007464532591,6.24,6.6225,7.125,7.2875000000000005,7.95,22.0,18949670.181818184,9527145.49523052,8944366.0,11677504.25,15525434.5,23899904.5,46705592.0
2010-09-30,21.0,26.261904761904763,4.494382737426374,21.1,22.8,24.4,29.4,35.6,21.0,4.257142857142857,9.405560665296429,0.0,0.0,0.0,3.0,33.8,21.0,0.0,0.0,0.0,0.0,0.0,0.0,0.0,21.0,6.463333333333334,0.18919126124991445,6.1,6.32,6.44,6.62,6.78,21.0,6.455119047619046,0.17546537441628643,6.0695,6.34,6.46,6.58,6.749,21.0,20949477.904761903,7351595.271681528,10990971.0,15049610.0,19512694.0,25234011.0,37873386.0
2010-10-31,21.0,18.499999999999996,4.122499241964757,11.7,15.0,17.8,22.8,23.9,21.0,5.904761904761904,14.73307422741351,0.0,0.0,0.0,2.3,62.5,21.0,0.0,0.0,0.0,0.0,0.0,0.0,0.0,21.0,5.695714285714286,0.24044898478827953,5.27,5.52,5.71,5.82,6.09,21.0,5.685047619047619,0.2286305373720834,5.329,5.52,5.679,5.83,6.1795,21.0,27160055.14285714,10355442.341340829,13248663.0,19804614.0,25764287.0,31562953.0,58212067.0
2010-11-30,21.0,12.433333333333334,2.896607210743862,7.2,10.0,12.2,13.9,18.3,21.0,2.5285714285714285,6.386950982835461,0.0,0.0,0.0,1.3,27.7,21.0,0.0,0.0,0.0,0.0,0.0,0.0,0.0,21.0,5.775957142857143,0.2021244383329947,5.46,5.61,5.8,5.95,6.13,21.0,5.785309523809524,0.1987300603954065,5.51,5.59,5.78,5.9315,6.08,21.0,23682852.61904762,7028287.269798044,7736173.0,19280025.0,23166309.0,27866975.0,37239041.0
2010-12-31,22.0,2.8227272727272723,4.333472358742199,-5.0,1.25,2.8,4.125,15.6,22.0,2.0454545454545454,6.947197261021869,0.0,0.0,0.0,0.0,30.5,22.0,9.136363636363637,42.188122289782726,0.0,0.0,0.0,0.0,198.0,22.0,5.893409090909092,0.24374746085923565,5.53,5.66875,5.92,6.1,6.27,22.0,5.8918409090909085,0.22958650130198546,5.538,5.68,5.875,6.0575,6.31,22.0,27483318.272727273,10207788.878090486,14885254.0,22727965.5,26211563.5,29191703.0,59209948.0
2011-01-31,20.0,1.2249999999999999,2.356821007874356,-4.4,-0.6,1.4,2.35,5.0,20.0,6.245,10.61436340655038,0.0,0.0,0.0,7.4,32.8,20.0,45.65,82.37096767544664,0.0,0.0,0.0,51.25,312.0,20.0,6.102005,0.15887525883038253,5.89,5.995,6.08,6.18,6.4301,20.0,6.087574999999999,0.14928481036348987,5.88,5.9875,6.0912500000000005,6.1572499999999994,6.395,20.0,24452027.8,8292871.187926058,15236625.0,17835488.5,21250689.5,28547687.5,41448198.0
2011-02-28,19.0,6.394736842105263,6.667872697929188,-1.7,1.6500000000000001,4.4,11.4,19.4,19.0,3.905263157894737,8.542929089422467,0.0,0.0,0.0,3.05,33.5,19.0,2.1578947368421053,6.930313107362602,0.0,0.0,0.0,0.0,28.0,19.0,5.443947368421052,0.27049634905817327,5.16,5.27,5.33,5.525,6.06,19.0,5.424868421052632,0.24885486857611433,5.175,5.234999999999999,5.3575,5.51525,5.9905,19.0,22264895.47368421,8290855.051803833,10846789.0,17182804.0,21627426.0,26675927.0,43913995.0
2011-03-31,23.0,9.495652173913042,5.01583658035133,0.6,6.95,8.3,11.7,25.0,23.0,4.595652173913043,8.590294643103691,0.0,0.0,0.0,2.8,27.2,23.0,1.0869565217391304,5.212860351426869,0.0,0.0,0.0,0.0,25.0,23.0,9.743695652173912,2.5319397062112934,5.03,10.285,10.76,11.345,11.71,23.0,9.767456521739133,2.5396484004727338,5.05,10.31075,11.09,11.344999999999999,11.8,23.0,19799224.04347826,5715436.146004674,11810610.0,15798312.5,19359371.0,23099419.0,32676774.0
2011-04-30,20.0,17.66,6.125391501988389,6.7,12.525000000000002,17.75,22.2,28.3,20.0,2.955,6.470782511859712,0.0,0.0,0.0,2.75,27.7,20.0,0.0,0.0,0.0,0.0,0.0,0.0,0.0,20.0,11.143999999999998,0.3795482078804524,10.55,10.8275,11.085,11.434999999999999,12.04,20.0,11.187324999999998,0.44699724110181205,10.58,10.833750000000002,11.120000000000001,11.4475,12.11,20.0,13554268.45,5188955.601131285,7362370.0,9462969.0,12267219.5,16936892.5,26292544.0
2011-05-31,21.0,22.09047619047619,4.445773809125332,15.6,18.3,21.7,23.9,31.7,21.0,4.666666666666667,12.498133193934738,0.0,0.0,0.0,2.5,55.4,21.0,0.0,0.0,0.0,0.0,0.0,0.0,0.0,21.0,11.173809523809524,0.42851459940679004,10.63,10.9,11.09,11.38,12.12,21.0,11.146714285714285,0.3983644239709593,10.57,10.83,11.01,11.22,12.05,21.0,14399386.095238095,6746287.202711265,5127968.0,10857120.0,13427561.0,17381499.0,38169433.0
2011-06-30,22.0,27.449999999999992,3.7427708096186354,21.1,24.974999999999998,27.8,28.749999999999996,35.0,22.0,3.063636363636363,9.838289894689426,0.0,0.0,0.0,1.3,46.2,22.0,0.0,0.0,0.0,0.0,0.0,0.0,0.0,22.0,11.452727272727275,0.6104735228311888,10.65,10.91,11.44,11.975,12.51,22.0,11.42,0.5694692600090352,10.71,10.945,11.219999999999999,11.9175,12.32,22.0,14455745.0,7389567.12422098,6830040.0,9766628.5,12709526.5,16232119.25,37405476.0
2011-07-31,20.0,31.700000000000006,3.138722502447201,26.7,29.275,31.15,33.449999999999996,40.0,20.0,2.745,6.482159727810022,0.0,0.0,0.0,2.8,27.4,20.0,0.0,0.0,0.0,0.0,0.0,0.0,0.0,20.0,10.991750000000001,0.2659900819282751,10.47,10.8475,11.004999999999999,11.227500000000001,11.43,20.0,10.9315,0.2900503586040117,10.49,10.689999999999998,10.965,11.05,11.44,20.0,11713734.8,4252044.968682686,4664234.0,8767462.5,10925339.5,14807489.25,21413163.0
2011-08-31,23.0,28.526086956521734,2.571207249400092,25.0,26.4,28.3,30.0,34.4,23.0,5.7956521739130435,13.092207198485033,0.0,0.0,0.0,1.15,53.1,23.0,0.0,0.0,0.0,0.0,0.0,0.0,0.0,23.0,10.017865217391302,0.23935139555339896,9.67,9.86,9.97,10.105,10.54,23.0,10.02782608695652,0.21444869108185163,9.67,9.885000000000002,9.97,10.17,10.49,23.0,9617448.086956521,3232634.8310019197,4996101.0,6817048.0,9462467.0,11407974.5,17878153.0
2011-09-30,21.0,24.471428571428575,3.1376970626787495,18.3,22.8,24.4,26.7,29.4,21.0,11.347619047619048,22.698515789531676,0.0,0.0,0.5,10.2,81.8,21.0,0.0,0.0,0.0,0.0,0.0,0.0,0.0,21.0,9.61642857142857,0.32773519362872394,8.92,9.37,9.6,9.86,10.105,21.0,9.588333333333333,0.3574959207226474,8.87,9.28,9.67,9.87,10.16,21.0,8655123.952380951,2766668.2762385425,5106696.0,6482147.0,8057718.0,10541168.0,15225870.0
2011-10-31,21.0,17.771428571428572,3.8844745921608053,9.4,16.1,17.2,19.4,27.2,21.0,4.390476190476191,8.75887577043451,0.0,0.0,0.0,1.3,28.4,21.0,0.0,0.0,0.0,0.0,0.0,0.0,0.0,21.0,8.784285714285716,0.11051341224355632,8.62,8.68,8.79,8.87,8.94,21.0,8.790857142857144,0.14102456726197932,8.56,8.69,8.765,8.84,9.03,21.0,8376943.095238095,3305017.5730852163,4800201.0,5742633.0,7484595.0,10845856.0,17365350.0
2011-11-30,21.0,14.952380952380954,4.0121838252526585,7.8,11.7,15.0,18.3,21.1,21.0,3.685714285714286,7.805337001967674,0.0,0.0,0.0,1.8,29.5,21.0,0.0,0.0,0.0,0.0,0.0,0.0,0.0,21.0,8.113333333333335,0.3394603560555095,7.72,7.85,7.94,8.44,8.77,21.0,8.11952380952381,0.34697948340609697,7.67,7.85,8.0,8.4,8.71,21.0,10608798.761904761,3507618.4494071747,2916816.0,7906639.0,11586142.0,12301664.0,16091233.0
2011-12-31,21.0,11.34761904761905,3.740670935489922,3.3,8.9,10.6,15.0,16.7,21.0,4.833333333333333,11.003014738394807,0.0,0.0,0.0,2.8,42.7,21.0,0.0,0.0,0.0,0.0,0.0,0.0,0.0,21.0,7.084761904761905,0.4025371914198618,6.49,6.8,6.97,7.43,7.94,21.0,7.061428571428572,0.41016198890542876,6.46,6.83,6.91,7.35,7.91,21.0,10697295.19047619,4247471.450243187,4784578.0,7383846.0,9604209.0,12179811.0,19275423.0
2012-01-31,20.0,7.5550000000000015,4.886229307155494,-2.8,4.4,7.75,11.7,15.0,20.0,3.4949999999999997,8.1770201109412,0.0,0.0,0.0,2.875,35.1,20.0,0.0,0.0,0.0,0.0,0.0,0.0,0.0,20.0,5.808249999999999,0.5073545293195407,5.07,5.445,5.702500000000001,6.22,6.57,20.0,5.77625,0.5314995543890788,5.03,5.3675,5.654999999999999,6.09,6.72,20.0,29044579.3,12191016.603291672,10808450.0,18254129.25,27993814.0,33349850.25,55322512.0
2012-02-29,20.0,9.285,3.417951833604755,3.3,7.075,8.05,10.15,16.7,20.0,1.605,3.9244811926647,0.0,0.0,0.0,0.575,15.2,20.0,0.0,0.0,0.0,0.0,0.0,0.0,0.0,20.0,10.846504999999999,7.746615232710212,5.0901,5.28,5.44,20.18,22.33,20.0,10.785250000000001,7.630857624940022,5.18,5.2775,5.4325,20.21,22.16,20.0,20772395.25,10072100.905035539,9222371.0,12846972.25,18490031.5,23978295.5,44890484.0
2012-03-31,22.0,16.168181818181818,6.676496540896736,5.0,10.725,17.25,21.7,25.6,22.0,0.5909090909090909,1.195192389736836,0.0,0.0,0.0,0.5,4.1,22.0,0.0,0.0,0.0,0.0,0.0,0.0,0.0,22.0,17.930909090909086,0.8690109818524084,15.77,17.575,18.175,18.2875,19.69,22.0,17.8875,0.903598296231451,15.92,17.4775,18.17,18.4075,19.6,22.0,9873762.772727273,2979636.8845698684,6442742.0,7608788.25,8942808.5,11303643.75,18161727.0
2012-04-30,20.0,17.59,4.620993285795644,11.7,14.85,16.7,18.725,31.1,20.0,0.485,1.2646093634420326,0.0,0.0,0.0,0.425,5.6,20.0,0.0,0.0,0.0,0.0,0.0,0.0,0.0,20.0,15.354999999999999,0.6380191384689269,14.36,14.935,15.274999999999999,15.820000000000002,16.61,20.0,15.340499999999997,0.7208728262175979,14.25,14.88,15.185,15.78,16.9,20.0,9273953.5,4984096.773266626,3680190.0,5579064.5,7961993.0,12013184.5,22585469.0
2012-05-31,22.0,20.936363636363634,4.256260985390531,11.7,18.450000000000003,20.85,23.624999999999996,31.7,22.0,6.113636363636363,9.192040835343082,0.0,0.075,2.15,7.750000000000001,35.6,22.0,0.0,0.0,0.0,0.0,0.0,0.0,0.0,22.0,17.732727272727274,1.0117508719244213,16.35,16.73,17.725,18.580000000000002,19.41,22.0,17.762045454545458,1.0589962218230518,16.18,16.82,17.645,18.8075,19.43,22.0,11968888.863636363,3992166.875092037,5509951.0,10291793.5,12015731.0,14402559.5,21785632.0
2012-06-30,21.0,25.65238095238095,5.089952754949602,17.2,22.2,25.0,27.2,34.4,21.0,3.0428571428571423,6.025410478014872,0.0,0.0,0.0,4.6,25.9,21.0,0.0,0.0,0.0,0.0,0.0,0.0,0.0,21.0,17.383809523809525,1.323708714900964,15.37,16.62,17.45,18.66,19.91,21.0,17.46524285714286,1.3477469749813684,15.2471,16.84,17.53,18.47,19.295,21.0,12682624.333333334,6702434.606554929,5847717.0,8045052.0,9383292.0,16767788.0,27596153.0
2012-07-31,21.0,30.747619047619054,3.604250136660751,22.2,29.4,31.1,32.8,37.8,21.0,3.7571428571428576,10.400652452061431,0.0,0.0,0.0,0.0,44.7,21.0,0.0,0.0,0.0,0.0,0.0,0.0,0.0,21.0,20.245714285714286,0.9818481116169215,18.99,19.38,20.07,21.12,21.91,21.0,20.31845238095238,1.0420336115591702,18.72,19.58,20.12,21.14,22.04,21.0,13850928.761904761,8147738.208202157,5527497.0,9704056.0,12170560.0,14792708.0,40833476.0
2012-08-31,23.0,28.87391304347826,2.0878909304725197,25.6,27.5,29.4,30.6,32.8,23.0,2.626086956521739,5.318767576943873,0.0,0.0,0.0,1.95,16.3,23.0,0.0,0.0,0.0,0.0,0.0,0.0,0.0,23.0,19.14130434782609,0.7606355258348476,17.8,18.744999999999997,19.09,19.535,21.21,23.0,19.071130434782606,0.7099301056728834,17.69,18.645,19.01,19.5975,20.3,23.0,10605659.47826087,4040066.3602716965,3937099.0,7131080.0,10974440.0,13192412.5,17835431.0
2012-09-30,19.0,24.34210526315789,2.908095174484434,19.4,22.2,23.9,26.7,30.6,19.0,5.042105263157895,14.028317226614401,0.0,0.0,0.0,0.9,49.8,19.0,0.0,0.0,0.0,0.0,0.0,0.0,0.0,19.0,19.69263157894737,0.9471585700003702,18.11,19.22,19.65,20.065,21.98,19.0,19.843736842105262,1.0376933737919385,18.12,19.075499999999998,19.72,20.43,22.33,19.0,10762716.421052631,4142597.408011338,5279609.0,7918809.5,9845356.0,12896042.0,22157462.0
2012-10-31,21.0,17.857142857142854,3.8704743157100823,10.0,15.0,18.3,20.6,25.6,21.0,2.176190476190476,5.356015754448895,0.0,0.0,0.0,0.8,22.6,21.0,0.0,0.0,0.0,0.0,0.0,0.0,0.0,21.0,22.27452380952381,0.4374868705512905,21.57,22.05,22.28,22.455,23.12,21.0,22.33072857142857,0.48624941865554694,21.64,21.935,22.21,22.6,23.35,21.0,9119943.523809524,3512383.5902171424,3579793.0,5997797.0,8443832.0,12061691.0,15140482.0
2012-11-30,21.0,9.376190476190477,3.6993113902326145,5.0,7.2,8.3,11.7,18.9,21.0,2.1904761904761902,6.692077761196801,0.0,0.0,0.0,0.0,28.4,21.0,5.666666666666667,23.77673933350268,0.0,0.0,0.0,0.0,109.0,21.0,21.540952380952383,0.6492064753366584,20.42,20.96,21.67,22.08,22.72,21.0,21.576190476190476,0.7887868925792073,20.39,20.97,21.72,22.14,22.99,21.0,6350212.666666667,3007460.555988579,2035305.0,4142733.0,5182063.0,8362143.0,14152557.0
2012-12-31,20.0,8.880000000000003,4.654211448841395,2.8,4.4,8.05,13.575000000000001,16.7,20.0,4.450000000000001,7.411335556891356,0.0,0.0,0.65,4.550000000000001,25.1,20.0,0.5,2.23606797749979,0.0,0.0,0.0,0.0,10.0,20.0,19.483494999999998,0.6989450588113795,18.22,19.0825,19.355,19.72,20.94,20.0,19.459715,0.6676520424316533,18.24,19.0575,19.33,19.62,21.0,20.0,9308334.9,2888603.9413685435,4949597.0,7099094.5,8710214.0,11376717.75,15621170.0
2013-01-31,21.0,4.542857142857143,6.482790404491836,-6.7,0.6,3.3,8.9,16.1,21.0,3.314285714285714,6.512010881001791,0.0,0.0,0.0,2.3,22.9,21.0,1.8095238095238095,8.29227982896771,0.0,0.0,0.0,0.0,38.0,21.0,18.85380952380952,0.7254617577135007,17.67,18.33,18.79,19.34,20.1,21.0,18.882619047619045,0.7310362833806867,17.57,18.4,18.76,19.52,20.1,21.0,8190910.571428572,3278141.388112715,4304399.0,5582258.0,7590202.0,8970214.0,15295764.0
2013-02-28,19.0,4.968421052631578,4.113669979684125,-1.1,1.1,6.7,7.5,12.8,19.0,4.731578947368422,10.998689448777217,0.0,0.0,0.0,2.2,39.6,19.0,8.947368421052632,36.65071423316561,0.0,0.0,0.0,0.0,160.0,19.0,18.634736842105266,0.4399415165811198,17.89,18.29,18.51,19.02,19.34,19.0,18.591105263157896,0.45788631470375074,17.78,18.310000000000002,18.52,19.025,19.36,19.0,5230674.7894736845,2583639.7017215537,2428583.0,3358425.0,4106038.0,6993555.0,11615063.0
2013-03-31,20.0,7.5,3.4114358761146457,1.7,5.0,6.65,10.725,13.9,20.0,3.425,6.298193141060796,0.0,0.0,0.0,4.425,20.1,20.0,8.9,27.716421125390617,0.0,0.0,0.0,0.0,102.0,20.0,20.822000000000006,1.0352858745801872,19.25,19.8125,21.33,21.695,22.04,20.0,20.85,0.9849018118306861,19.18,20.005,21.185000000000002,21.655,22.24,20.0,5115821.0,1901870.1110362262,2275277.0,3999725.25,4908142.0,6070496.25,9093487.0
2013-04-30,22.0,16.62727272727272,5.502049991826148,6.1,13.075000000000001,16.95,20.450000000000003,27.8,22.0,1.4318181818181819,4.184368458195262,0.0,0.0,0.0,0.22499999999999998,16.0,22.0,0.0,0.0,0.0,0.0,0.0,0.0,0.0,22.0,22.718636363636364,0.7020398540752202,21.37,22.27,22.715,23.2725,23.8,22.0,22.740909090909096,0.7498438509888583,21.26,22.317500000000003,22.755000000000003,23.197499999999998,24.03,22.0,5677365.0,2433312.3509891382,3040230.0,3554575.0,5532599.0,6873577.25,12812437.0
2013-05-31,22.0,23.05454545454546,4.982323733314585,14.4,20.0,22.2,26.1,32.2,22.0,7.113636363636362,18.617689884176734,0.0,0.0,0.0,0.22499999999999998,76.7,22.0,0.0,0.0,0.0,0.0,0.0,0.0,0.0,22.0,21.940454545454546,0.5732570043824958,21.27,21.47,21.77,22.4275,23.31,22.0,21.86226818181818,0.5524136143510101,21.15,21.3525,21.815,22.2075,22.94,22.0,4954765.0,3074831.613702665,2024879.0,3121198.75,4045962.0,5691654.0,15056133.0
2013-06-30,20.0,25.915,4.255185690796336,17.2,23.025000000000002,26.15,29.025,33.3,20.0,11.15,24.714932626589178,0.0,0.0,0.8,6.999999999999999,105.7,20.0,0.0,0.0,0.0,0.0,0.0,0.0,0.0,20.0,20.269500000000004,0.6698191036234694,18.95,19.8975,20.27,20.7575,21.35,20.0,20.20625,0.7083057528170192,18.95,19.881249999999998,20.25,20.7,21.35,20.0,4289568.1,2456516.0931718103,1870834.0,2865716.0,3610366.0,4989460.0,11937822.0
2013-07-31,22.0,29.990909090909085,3.980297798252106,20.0,28.3,29.4,32.075,36.7,22.0,2.936363636363636,5.438184698394568,0.0,0.0,0.0,4.699999999999999,21.3,22.0,0.0,0.0,0.0,0.0,0.0,0.0,0.0,22.0,19.24568181818182,0.5344429575658892,18.21,19.1,19.335,19.674999999999997,19.98,22.0,19.233999999999998,0.5747861714212883,17.92,19.1525,19.355,19.532500000000002,20.13,22.0,6131991.0,3388567.7411067123,2555869.0,3897063.25,5294846.0,7541155.5,16786211.0
2013-08-31,22.0,27.60454545454546,2.273130267301285,23.3,25.725,27.8,29.275,32.2,22.0,3.227272727272727,6.213670169046387,0.0,0.0,0.0,1.3,21.6,22.0,0.0,0.0,0.0,0.0,0.0,0.0,0.0,22.0,18.125454545454545,0.6015513853895355,17.2,17.6325,18.15,18.5775,19.2,22.0,18.123181818181816,0.626778508487088,17.09,17.589999999999996,18.145,18.669999999999998,19.25,22.0,4475279.045454546,2208861.0558019103,2019567.0,2772288.25,3949651.5,5315956.5,9685505.0
2013-09-30,20.0,24.740000000000002,4.2455425541322,18.3,22.2,23.35,26.974999999999998,35.6,20.0,2.2,9.04718624475966,0.0,0.0,0.0,0.075,40.6,20.0,0.0,0.0,0.0,0.0,0.0,0.0,0.0,20.0,18.898999999999997,0.49420749957035187,18.07,18.58,18.82,19.259999999999998,19.76,20.0,18.909,0.45739422130609675,18.28,18.525,18.86,19.315,19.59,20.0,4170538.7,1508916.6175372351,1999509.0,2940355.75,3863978.5,5442648.75,7146733.0
2013-10-31,23.0,19.682608695652174,5.091584159081716,11.7,16.4,19.4,22.5,30.0,23.0,0.3869565217391305,1.352877185794001,0.0,0.0,0.0,0.0,6.4,23.0,0.0,0.0,0.0,0.0,0.0,0.0,0.0,23.0,18.725869565217394,0.6092779858419476,17.49,18.255,18.67,19.205,19.69,23.0,18.673260869565215,0.6212846088689074,17.45,18.125,18.66,19.25,19.58,23.0,4091556.695652174,1482568.426610186,1942814.0,3028047.0,3406942.0,5143452.0,7307992.0
2013-11-30,20.0,11.425,5.137568030027232,1.7,8.175,11.1,14.450000000000001,21.1,20.0,3.905,11.358116736038314,0.0,0.0,0.0,2.175,50.3,20.0,0.0,0.0,0.0,0.0,0.0,0.0,0.0,20.0,18.0665,0.6603768860120309,16.96,17.7025,17.975,18.63,19.13,20.0,18.100950000000005,0.6732717817532996,17.09,17.650000000000002,17.98,18.69,19.35,20.0,4389514.45,1045805.9062827287,2318705.0,3774184.25,4245182.0,5093811.25,6552421.0
2013-12-31,21.0,6.338095238095238,5.884851416176639,-1.0,1.7,4.4,11.1,17.8,21.0,2.3809523809523805,5.0335493488808725,0.0,0.0,0.0,0.3,18.5,21.0,3.5238095238095237,11.133818067577028,0.0,0.0,0.0,0.0,38.0,21.0,20.955714285714286,0.7753487694487654,19.4,20.66,21.01,21.52,22.1,21.0,20.98809523809524,0.7487163618328309,19.36,20.7,20.93,21.57,22.05,21.0,6506057.523809524,3149917.8369332054,2269538.0,4612282.0,5457222.0,8170404.0,13704826.0
2014-01-31,21.0,0.7142857142857144,6.919919487558053,-8.2,-6.0,0.0,6.7,12.8,21.0,2.4095238095238094,4.039047506765025,0.0,0.0,0.0,2.8,11.7,21.0,22.61904761904762,63.62505496302237,0.0,0.0,0.0,0.0,279.0,21.0,22.19285714285714,1.6622759784618881,19.55,21.03,21.49,23.46,25.52,21.0,22.234761904761907,1.878421196237998,19.69,20.96,21.27,24.18,26.73,21.0,15322763.80952381,13382878.584124805,3484407.0,5900157.0,11340084.0,18621155.0,54614951.0
2014-02-28,19.0,2.189473684210527,4.31172751365932,-4.3,-0.25,1.1,5.25,10.6,19.0,7.021052631578949,13.806020383528677,0.0,0.0,0.0,5.35,45.2,19.0,35.0,72.13567463852789,0.0,0.0,0.0,21.5,241.0,19.0,25.458421052631582,1.3542618455080357,23.17,24.585,25.32,26.42,27.79,19.0,25.284736842105264,1.2379165670191934,22.65,24.77,25.2,26.134999999999998,27.69,19.0,26378456.36842105,10263852.724683575,11748723.0,21368256.0,24059239.0,30086052.0,46593506.0
2014-03-31,21.0,6.576190476190478,5.961283818264717,-1.6,1.7,6.1,10.6,18.9,21.0,1.8285714285714285,5.363594210708233,0.0,0.0,0.0,0.0,23.4,21.0,0.14285714285714285,0.6546536707079776,0.0,0.0,0.0,0.0,3.0,21.0,24.801666666666662,0.5661610489369024,23.83,24.43,24.71,25.27,25.85,21.0,24.80619047619048,0.5904614821516824,23.84,24.42,24.73,25.3,25.72,21.0,9555695.761904761,4208651.3577176705,3054236.0,6239487.0,9404236.0,12026089.0,17881379.0
2014-04-30,21.0,15.785714285714286,4.661468192993031,8.3,11.7,16.1,19.4,23.9,21.0,8.380952380952381,27.4386519174616,0.0,0.0,0.0,1.8,126.2,21.0,0.0,0.0,0.0,0.0,0.0,0.0,0.0,21.0,25.665238095238095,0.7309419884479142,24.2,25.15,25.6,26.41,26.59,21.0,25.71142857142857,0.6904946467155677,24.31,25.26,25.79,26.3,26.83,21.0,7202108.714285715,4357106.663164653,2229539.0,3459114.0,6309719.0,8141550.0,19004833.0
2014-05-31,21.0,21.938095238095237,3.6370972203772864,15.0,20.0,21.7,23.3,30.0,21.0,4.133333333333334,9.678705147556327,0.0,0.0,0.0,3.0,39.1,21.0,0.0,0.0,0.0,0.0,0.0,0.0,0.0,21.0,25.124285714285715,0.7516353599224257,24.11,24.51,24.93,25.6,26.52,21.0,25.097142857142856,0.7081535346034985,24.18,24.51,25.11,25.47,26.63,21.0,6056005.571428572,2911176.561435781,1851572.0,3239907.0,5854954.0,7506162.0,13341312.0
2014-06-30,21.0,26.847619047619045,2.8944116928348405,21.1,25.0,27.2,28.9,31.7,21.0,5.147619047619047,11.55580456080922,0.0,0.0,0.0,2.0,40.6,21.0,0.0,0.0,0.0,0.0,0.0,0.0,0.0,21.0,25.390476190476186,0.5990699140373863,24.28,25.12,25.37,25.88,26.2,21.0,25.377619047619046,0.6166433715033736,24.4,24.98,25.41,25.89,26.25,21.0,5515117.714285715,3544748.2452731696,2350717.0,3366574.0,4068263.0,6232415.0,16728423.0
2014-07-31,22.0,29.16818181818181,2.2531219322438902,24.4,27.349999999999998,29.15,30.975,32.8,22.0,6.231818181818183,12.267432158968386,0.0,0.0,0.0,4.8,45.2,22.0,0.0,0.0,0.0,0.0,0.0,0.0,0.0,22.0,22.10272727272727,1.1624448038844348,20.77,20.942500000000003,22.075000000000003,22.9625,24.26,22.0,22.022727272727277,1.1361597046449394,20.72,20.950000000000003,21.82,22.880000000000003,24.1,22.0,5720774.181818182,3283350.849764941,2340581.0,3751686.25,4460267.0,7627238.5,15912295.0
2014-08-31,21.0,28.357142857142858,2.358086391244271,22.8,27.2,28.3,28.9,32.2,21.0,1.3666666666666667,3.518001326511025,0.0,0.0,0.0,0.0,13.5,21.0,0.0,0.0,0.0,0.0,0.0,0.0,0.0,21.0,21.499523809523808,0.3434163098991686,20.88,21.3,21.47,21.83,22.02,21.0,21.49809523809524,0.39589921757461294,20.85,21.21,21.42,21.85,22.26,21.0,6545688.857142857,3292394.957890765,2151901.0,4173064.0,5663424.0,8512353.0,13252973.0
2014-09-30,21.0,24.59047619047619,4.11338118363771,17.8,21.7,23.9,26.7,33.3,21.0,0.8333333333333334,2.6399494944663875,0.0,0.0,0.0,0.0,9.4,21.0,0.0,0.0,0.0,0.0,0.0,0.0,0.0,21.0,21.33476190476191,0.4486047151738269,20.73,21.04,21.12,21.74,22.24,21.0,21.335238095238097,0.41310554399110916,20.76,20.97,21.34,21.58,22.11,21.0,6266964.0,2437168.8511830075,2939850.0,4013086.0,6204077.0,6880856.0,11844477.0
2014-10-31,23.0,19.252173913043475,3.600867264880578,11.7,17.2,20.0,21.7,25.0,23.0,4.695652173913043,10.277711023059453,0.0,0.0,0.0,1.4,38.4,23.0,0.0,0.0,0.0,0.0,0.0,0.0,0.0,23.0,20.276521739130434,0.7162948142137879,19.03,19.705,20.4,20.915,21.34,23.0,20.33086956521739,0.6891622915044181,19.01,19.78,20.41,20.85,21.63,23.0,7659651.0869565215,2793349.233532537,2734313.0,5491160.0,6637625.0,10288326.5,12148030.0
2014-11-30,19.0,12.142105263157895,6.283162313275916,2.2,7.2,11.7,17.8,20.6,19.0,5.494736842105263,11.50089241388639,0.0,0.0,0.0,3.3,39.1,19.0,0.2631578947368421,1.1470786693528088,0.0,0.0,0.0,0.0,5.0,19.0,22.004736842105263,0.7845973377829804,20.28,21.61,21.84,22.515,23.38,19.0,22.121315789473684,0.7947918003149963,20.46,21.765,22.11,22.5225,23.51,19.0,14782371.684210526,4436683.276247397,6264794.0,12489850.0,14424151.0,17811079.5,21898226.0
2014-12-31,22.0,6.890909090909091,4.271713060065303,0.0,3.5749999999999997,6.7,8.625,18.3,22.0,5.299999999999999,14.113586834441959,0.0,0.0,0.4,2.2249999999999996,64.5,22.0,1.1363636363636365,5.33001790889026,0.0,0.0,0.0,0.0,25.0,22.0,17.783181818181824,1.6642355212318567,15.07,15.9475,18.64,19.07,19.99,22.0,17.66909090909091,1.6450992417333108,14.77,16.11,18.53,18.845,19.75,22.0,11129705.909090908,3815116.9452091246,5323028.0,8247433.25,10790890.0,14459270.75,19105959.0
2015-01-31,20.0,1.655,3.924749405342569,-6.0,-0.125,2.2,4.025,9.4,20.0,1.775,3.6912235883169373,0.0,0.0,0.0,1.35,12.2,20.0,16.85,38.72748921699717,0.0,0.0,0.0,6.25,140.0,20.0,14.812999999999999,0.6602957869892775,13.57,14.522499999999999,14.765,14.94,16.54,20.0,14.812350000000004,0.7353752550837386,13.67,14.54925,14.825,14.975000000000001,16.68,20.0,15239426.55,6236814.882443801,6780910.0,11119858.5,14255816.5,16353807.75,33547155.0
2015-02-28,19.0,-0.10000000000000006,3.86709767712744,-7.1,-2.7,0.0,3.05,6.1,19.0,1.6894736842105265,5.939125893114997,0.0,0.0,0.0,0.0,25.9,19.0,11.263157894736842,33.98012835183259,0.0,0.0,0.0,0.0,127.0,19.0,14.095263157894736,0.5548510152489652,13.27,13.66,14.17,14.485,15.09,19.0,14.022105263157895,0.5223193887456686,13.17,13.655000000000001,14.08,14.425,15.03,19.0,10916678.789473685,3336276.927010433,4497754.0,9028517.0,11138454.0,13739632.0,17105441.0
2015-03-31,22.0,7.822727272727272,4.682076443933806,-2.7,4.025,7.5,11.549999999999999,16.7,22.0,3.9227272727272724,5.930866139121092,0.0,0.0,0.3,6.775,19.3,22.0,15.954545454545455,46.79893901191237,0.0,0.0,0.0,0.0,191.0,22.0,13.88022727272727,0.3798949644081689,13.15,13.64,13.895,14.14,14.54,22.0,13.888636363636364,0.4266513626854897,13.1,13.6425,13.895,14.22,14.67,22.0,7335651.363636363,2318513.680773536,3898001.0,5692726.25,6752487.5,8645589.0,13579040.0
2015-04-30,21.0,16.614285714285714,5.140553055293342,6.1,13.3,17.8,20.0,25.6,21.0,2.457142857142857,7.5794835858765115,0.0,0.0,0.0,1.3,34.8,21.0,0.0,0.0,0.0,0.0,0.0,0.0,0.0,21.0,12.944285714285714,0.3142542192011338,12.33,12.76,12.88,13.19,13.57,21.0,12.997142857142856,0.3854366725824473,12.39,12.71,12.93,13.34,13.71,21.0,6541459.285714285,2973838.069514649,3165309.0,3931398.0,5712516.0,8194435.0,13475767.0
2015-05-31,20.0,25.464999999999996,4.441464315195822,16.7,22.8,26.7,29.4,31.1,20.0,0.1,0.44721359549995787,0.0,0.0,0.0,0.0,2.0,20.0,0.0,0.0,0.0,0.0,0.0,0.0,0.0,20.0,14.0795,0.618652823310032,12.77,13.7775,14.14,14.4025,15.2,20.0,14.035,0.6160528001978233,12.87,13.7525,14.02,14.5025,14.9,20.0,5363990.75,2176862.0931045357,2388708.0,3955669.5,4818130.0,6174641.75,9891720.0
2015-06-30,22.0,25.754545454545454,5.392033565736213,12.8,22.375,27.8,28.749999999999996,32.2,22.0,2.5318181818181817,5.138870207836253,0.0,0.0,0.0,1.375,18.3,22.0,0.0,0.0,0.0,0.0,0.0,0.0,0.0,22.0,13.410454545454547,0.4303429116937114,12.55,13.2125,13.49,13.69,14.16,22.0,13.42772727272727,0.4099934008549268,12.54,13.225000000000001,13.420000000000002,13.71,14.04,22.0,7634179.909090909,2612501.833644905,2590998.0,6067419.0,7087526.0,8995891.0,13491712.0
2015-07-31,22.0,29.954545454545453,2.695804018722301,26.1,27.8,30.0,31.1,35.6,22.0,4.218181818181819,10.756775776608208,0.0,0.0,0.0,3.0,49.5,22.0,0.0,0.0,0.0,0.0,0.0,0.0,0.0,22.0,13.514545454545459,0.31334945155190375,12.87,13.310000000000002,13.48,13.817499999999999,13.96,22.0,13.47181818181818,0.30546820212719766,12.9,13.240000000000002,13.51,13.71,13.94,22.0,5643723.2272727275,1916748.0127999522,2100045.0,3893340.25,5676568.0,7134933.25,8769958.0
2015-08-31,21.0,30.266666666666662,1.972899727136008,27.2,28.9,30.6,31.7,35.0,21.0,2.6857142857142855,6.963783864702129,0.0,0.0,0.0,0.0,29.7,21.0,0.0,0.0,0.0,0.0,0.0,0.0,0.0,21.0,13.149047619047618,0.4268009461318563,12.54,12.83,13.01,13.47,13.97,21.0,13.138095238095238,0.3982162609389406,12.63,12.77,13.12,13.45,14.01,21.0,4678917.904761905,2080585.2933940946,1852572.0,3249125.0,4199360.0,5572016.0,8756061.0
2015-09-30,21.0,28.6,3.7956554111246716,21.7,26.1,28.3,31.7,36.1,21.0,3.566666666666667,10.89198482065291,0.0,0.0,0.0,0.0,40.1,21.0,0.0,0.0,0.0,0.0,0.0,0.0,0.0,21.0,12.397619047619045,0.37336181864117796,11.43,12.13,12.47,12.71,12.98,21.0,12.365714285714288,0.4471081684399361,11.17,12.13,12.46,12.65,13.03,21.0,5526637.714285715,3532136.158987124,1612390.0,3144387.0,4336652.0,7453882.0,15632603.0
2015-10-31,22.0,19.827272727272728,3.90874255973304,11.7,17.8,20.6,22.8,25.6,22.0,4.054545454545454,10.173716241595407,0.0,0.0,0.0,0.22499999999999998,35.6,22.0,0.0,0.0,0.0,0.0,0.0,0.0,0.0,22.0,10.89431818181818,0.7660571523104923,9.36,10.31625,11.235,11.4825,11.77,22.0,10.859090909090911,0.7525632964419107,9.49,10.122499999999999,11.245000000000001,11.385,11.67,22.0,6482653.2727272725,3646241.468266247,2223263.0,3843660.5,6246779.5,7464756.5,17516998.0
2015-11-30,20.0,15.520000000000001,4.8907646587592435,6.7,13.200000000000001,15.55,18.200000000000003,23.3,20.0,2.495,7.431403848391953,0.0,0.0,0.0,0.075,31.8,20.0,0.0,0.0,0.0,0.0,0.0,0.0,0.0,20.0,9.43125,0.4335407314076427,8.68,9.0125,9.67,9.7575,9.9,20.0,9.437000000000001,0.4460717431086616,8.71,9.0325,9.565000000000001,9.8125,10.01,20.0,5466344.75,2239975.4157579704,3094461.0,3962482.75,4636347.0,5856420.5,11081528.0
2015-12-31,22.0,13.518181818181818,4.0361033027079305,7.8,10.6,13.05,15.975000000000001,22.2,22.0,5.304545454545454,10.266889790682763,0.0,0.0,0.8,4.8,39.4,22.0,0.0,0.0,0.0,0.0,0.0,0.0,0.0,22.0,7.892045454545454,0.6072707466528087,7.04,7.26,7.994999999999999,8.38,8.79,22.0,7.886363636363637,0.5954713655467803,6.92,7.415,7.945,8.465,8.67,22.0,9097361.045454545,5631435.248421138,2947081.0,5136960.75,7546075.0,10331638.25,23453828.0
2016-01-31,19.0,4.147368421052631,3.752979323306963,-2.1,2.2,4.4,7.25,10.6,19.0,0.015789473684210527,0.06882472016116851,0.0,0.0,0.0,0.0,0.3,19.0,0.2631578947368421,1.1470786693528086,0.0,0.0,0.0,0.0,5.0,19.0,8.195263157894736,0.4009068667277648,7.72,7.895,7.97,8.469999999999999,8.97,19.0,8.22263157894737,0.43778282420578213,7.72,7.875,7.96,8.48,9.21,19.0,7132036.842105263,2940120.743910042,3176785.0,5439315.5,6944677.0,8445630.0,16072335.0
2016-02-29,20.0,7.895000000000001,6.154713640779724,-2.7,3.9,5.550000000000001,15.0,16.1,20.0,4.999999999999999,9.48006218056445,0.0,0.0,0.15,2.875,31.0,20.0,3.35,14.29123765403859,0.0,0.0,0.0,0.0,64.0,20.0,6.9825,0.5575120956913,6.04,6.5625,6.975,7.4225,7.9,20.0,6.976000000000001,0.5508405060976315,6.02,6.512499999999999,7.1,7.485,7.82,20.0,10220721.25,7080600.496851639,3206023.0,5790862.25,8324706.5,10874535.25,30548642.0
2016-03-31,22.0,15.104545454545455,6.045185197267664,2.2,11.974999999999998,13.9,19.125,26.1,22.0,1.2272727272727273,2.5936152040809417,0.0,0.0,0.0,1.25,9.7,22.0,1.0454545454545454,3.4153333899492404,0.0,0.0,0.0,0.0,13.0,22.0,6.400454545454545,0.3244405774740397,5.81,6.1850000000000005,6.49,6.65,6.85,22.0,6.409545454545455,0.29191448964391825,5.79,6.255,6.4350000000000005,6.6075,6.83,22.0,17201813.90909091,7543842.937466363,4975552.0,10896293.75,17168442.0,20882745.0,34669349.0
2016-04-30,21.0,17.03809523809524,6.077374119673413,6.1,14.4,16.7,20.6,27.8,21.0,1.3238095238095238,2.961740157729028,0.0,0.0,0.0,0.5,11.9,21.0,0.0,0.0,0.0,0.0,0.0,0.0,0.0,21.0,6.7957142857142845,0.20865213702647356,6.48,6.66,6.81,6.9,7.19,21.0,6.8240476190476205,0.2335252612011121,6.45,6.61,6.85,6.99,7.28,21.0,10657948.61904762,3227287.3531108988,5340649.0,9098634.0,9993715.0,12775820.0,18224923.0
2016-05-31,21.0,21.452380952380956,6.411912276974713,11.1,17.2,22.2,25.6,32.2,21.0,2.0,4.513313638558703,0.0,0.0,0.0,0.5,15.5,21.0,0.0,0.0,0.0,0.0,0.0,0.0,0.0,21.0,6.73,0.1962651268055534,6.4,6.57,6.7,6.85,7.13,21.0,6.735714285714285,0.20148378169399708,6.46,6.57,6.74,6.89,7.2,21.0,7458890.619047619,2520730.2686276743,3332082.0,6337959.0,6722112.0,8617245.0,14205276.0
2016-06-30,22.0,26.527272727272724,3.188697572331407,19.4,24.549999999999997,28.3,28.9,30.6,22.0,1.486363636363636,3.469361881019601,0.0,0.0,0.0,0.22499999999999998,11.4,22.0,0.0,0.0,0.0,0.0,0.0,0.0,0.0,22.0,7.897954545454545,0.4258623159205474,7.21,7.56,7.895,8.1925,8.61,22.0,7.947727272727272,0.4327204290266055,7.24,7.765000000000001,7.905,8.1775,8.85,22.0,7944783.409090909,2228134.3717497243,4358360.0,6412489.25,7573943.5,9248843.75,13779215.0
2016-07-31,20.0,30.909999999999997,2.500505212110039,26.1,29.4,31.1,32.8,35.0,20.0,5.930000000000001,9.644474829499122,0.0,0.0,0.0,10.600000000000001,27.7,20.0,0.0,0.0,0.0,0.0,0.0,0.0,0.0,20.0,8.15675,0.19555100963283475,7.83,8.0475,8.145,8.265,8.595,20.0,8.1395,0.1836322125164433,7.83,8.040000000000001,8.114999999999998,8.2025,8.55,20.0,6797874.4,3048359.2405514154,3504090.0,4459030.25,6189541.5,7664376.25,16040170.0
2016-08-31,23.0,29.90434782608696,2.3445252011808977,26.1,28.05,30.0,31.4,33.9,23.0,0.8130434782608696,1.8936027105220465,0.0,0.0,0.0,0.3,8.1,23.0,0.0,0.0,0.0,0.0,0.0,0.0,0.0,23.0,8.117826086956523,0.3023236754590731,7.65,7.805,8.15,8.36,8.58,23.0,8.100869565217392,0.3123068573094892,7.6,7.825,8.19,8.385,8.51,23.0,5941012.9130434785,1578401.289275003,3598029.0,4487433.0,5822576.0,7339195.0,9115738.0
2016-09-30,21.0,26.114285714285714,4.714476186628342,15.0,23.3,26.7,29.4,32.8,21.0,3.1380952380952376,5.577945516987073,0.0,0.0,0.0,5.6,17.3,21.0,0.0,0.0,0.0,0.0,0.0,0.0,0.0,21.0,8.502380952380953,0.27302298002008496,8.03,8.32,8.49,8.7,9.01,21.0,8.508095238095237,0.28652432789588816,7.89,8.34,8.53,8.69,8.99,21.0,4555607.714285715,1551082.94499434,2527258.0,3194729.0,4429150.0,5967867.0,7999688.0
2016-10-31,21.0,18.971428571428575,5.49837638372846,10.6,16.7,19.4,22.2,29.4,21.0,3.0476190476190474,9.700083455703822,0.0,0.0,0.0,0.0,35.8,21.0,0.0,0.0,0.0,0.0,0.0,0.0,0.0,21.0,8.824761904761905,0.49678585977882916,7.77,8.43,8.96,9.23,9.47,21.0,8.853333333333333,0.5289549445211127,7.73,8.44,8.99,9.24,9.56,21.0,8516529.57142857,4380996.502240587,2327125.0,5040484.0,7893971.0,9904842.0,17873561.0
2016-11-30,21.0,14.304761904761907,4.554939757063334,5.0,12.2,15.0,16.7,22.2,21.0,5.828571428571429,15.607919235347895,0.0,0.0,0.0,0.0,55.9,21.0,0.0,0.0,0.0,0.0,0.0,0.0,0.0,21.0,7.628571428571429,0.4874554924737818,6.89,7.34,7.48,7.8,8.67,21.0,7.655714285714285,0.515427700347696,7.01,7.26,7.49,7.93,8.86,21.0,17411502.85714286,9017862.196679473,5586439.0,10354365.0,17587443.0,22482492.0,37550974.0
2016-12-31,21.0,6.247619047619046,4.339656558717412,-2.7,4.4,7.2,8.3,15.6,21.0,1.9380952380952379,3.8163433009198977,0.0,0.0,0.0,1.8,12.7,21.0,0.0,0.0,0.0,0.0,0.0,0.0,0.0,21.0,8.988333333333335,0.35287863825022536,8.29,8.77,8.95,9.27,9.54,21.0,8.976190476190476,0.37773636561067536,8.32,8.7,9.0,9.33,9.63,21.0,20755342.285714287,7728132.126985149,9348258.0,15306339.0,19850525.0,25988905.0,37307994.0
2017-01-31,20.0,6.9799999999999995,5.710525830705776,-4.9,3.175,6.4,10.725,18.9,20.0,5.245,9.470090034585622,0.0,0.0,0.9,4.1,30.0,20.0,2.75,8.503095411610255,0.0,0.0,0.0,0.0,30.0,20.0,8.2235,0.21621200609343447,7.82,8.09125,8.274999999999999,8.335,8.64,20.0,8.215,0.20515719262119586,7.79,8.13,8.225,8.3925,8.51,20.0,11391136.5,4369853.029628444,6112685.0,8914836.75,10359710.0,12773830.5,24121067.0
2017-02-28,19.0,8.799999999999999,5.991939029507337,0.0,5.0,8.3,13.05,21.1,19.0,1.9842105263157896,6.847324145475834,0.0,0.0,0.0,0.0,29.5,19.0,12.578947368421053,54.83036039506427,0.0,0.0,0.0,0.0,239.0,19.0,7.2365789473684226,0.5045406398992469,6.5,6.73,7.34,7.62,7.95,19.0,7.225263157894738,0.5061002142862466,6.53,6.725,7.34,7.65,7.95,19.0,14130721.157894736,7793837.949929755,5655516.0,9160486.5,12533461.0,15958977.5,38796803.0
2017-03-31,23.0,9.643478260869564,6.006195747041438,-3.2,5.85,10.0,14.45,21.1,23.0,5.543478260869565,13.010863505930747,0.0,0.0,0.0,2.75,50.0,23.0,10.695652173913043,41.24586456692985,0.0,0.0,0.0,0.0,193.0,23.0,7.275217391304347,0.26440103089500233,6.74,7.085,7.34,7.475,7.66,23.0,7.259130434782608,0.2548067546464159,6.8,7.08,7.29,7.45,7.64,23.0,11749658.782608695,4663185.722817649,4699019.0,9099370.0,10491876.0,14257505.0,23532181.0
2017-04-30,19.0,17.863157894736844,5.68362272247745,10.6,12.2,18.3,22.200000000000003,29.4,19.0,4.905263157894736,9.02708724304619,0.0,0.0,0.0,5.85,30.0,19.0,0.0,0.0,0.0,0.0,0.0,0.0,0.0,19.0,7.564210526315789,0.15377891018073414,7.27,7.515,7.54,7.609999999999999,7.87,19.0,7.563684210526316,0.14503679710549275,7.32,7.485,7.53,7.67,7.82,19.0,7848111.157894737,3602225.80074666,3606195.0,5949976.5,6768586.0,8946283.5,18165508.0
2017-05-31,22.0,20.93636363636364,5.840461939863633,13.9,16.825,19.15,23.749999999999996,33.3,22.0,5.1000000000000005,16.564304708504693,0.0,0.0,0.0,0.95,76.7,22.0,0.0,0.0,0.0,0.0,0.0,0.0,0.0,22.0,7.453636363636363,0.21513108859805752,6.94,7.402500000000001,7.45,7.555,7.83,22.0,7.4413636363636355,0.2428853434097867,6.87,7.3925,7.4350000000000005,7.547499999999999,7.88,22.0,7621136.090909091,2771132.9408650748,3619447.0,5876674.0,6996578.0,8666063.0,13920918.0
2017-06-30,22.0,26.022727272727277,4.934903078913345,14.4,24.4,26.4,28.3,34.4,22.0,2.290909090909091,7.371690320531524,0.0,0.0,0.0,0.7250000000000001,34.3,22.0,0.0,0.0,0.0,0.0,0.0,0.0,0.0,22.0,6.751363636363636,0.13523508471742138,6.53,6.615,6.8,6.847499999999999,6.94,22.0,6.732727272727272,0.127323428367506,6.52,6.63,6.775,6.8375,6.89,22.0,6257241.909090909,2069331.3107742916,2475223.0,4661200.75,6360488.5,7883988.25,10064725.0
2017-07-31,20.0,28.685000000000002,3.781572354680551,21.7,25.450000000000003,29.4,31.1,34.4,20.0,4.2299999999999995,10.877020683411814,0.0,0.0,0.0,0.075,45.2,20.0,0.0,0.0,0.0,0.0,0.0,0.0,0.0,20.0,6.616999999999999,0.1616396251574862,6.27,6.547499999999999,6.585,6.702500000000001,6.89,20.0,6.5920000000000005,0.17730734541141302,6.25,6.465,6.615,6.715,6.87,20.0,7016608.55,3039950.5496522123,3284611.0,4644727.25,6108141.5,9968800.5,12710789.0
2017-08-31,23.0,27.447826086956525,3.1820333072391693,20.0,25.6,27.8,29.7,33.3,23.0,3.239130434782609,6.379066555427767,0.0,0.0,0.0,3.05,22.4,23.0,0.0,0.0,0.0,0.0,0.0,0.0,0.0,23.0,6.495652173913044,0.13806540238585624,6.25,6.425,6.5,6.6,6.7,23.0,6.528695652173913,0.15136663340217982,6.25,6.475,6.57,6.63,6.79,23.0,5140141.695652174,2271464.7032270613,2395018.0,3670113.5,4595682.0,5451188.0,11037980.0
2017-09-30,20.0,25.755000000000006,3.219100070385805,20.0,22.650000000000002,26.1,27.925,31.1,20.0,0.93,2.6272058401114657,0.0,0.0,0.0,0.075,10.7,20.0,0.0,0.0,0.0,0.0,0.0,0.0,0.0,20.0,6.6655,0.14737974580546748,6.4,6.555,6.68,6.735,6.95,20.0,6.646499999999999,0.1531519713088587,6.38,6.555,6.605,6.74,6.96,20.0,6802978.25,3872328.8847095873,2643901.0,4433457.25,6094889.0,7038926.5,18823147.0
2017-10-31,22.0,21.259090909090904,4.320125559342557,13.9,18.200000000000003,21.95,23.749999999999996,28.3,22.0,0.9863636363636364,2.123630192572425,0.0,0.0,0.0,0.22499999999999998,6.6,22.0,0.0,0.0,0.0,0.0,0.0,0.0,0.0,22.0,6.316818181818181,0.1651661894271044,5.87,6.255,6.345,6.42,6.58,22.0,6.301818181818181,0.15114283259273603,5.97,6.2524999999999995,6.33,6.39,6.51,22.0,8118190.045454546,2926062.106644525,5051066.0,5733317.5,7657857.5,9156962.25,14653524.0
2017-11-30,21.0,12.823809523809524,4.39907999039626,8.3,9.4,11.7,14.4,23.3,21.0,1.4952380952380955,4.049997060551551,0.0,0.0,0.0,0.3,17.8,21.0,0.0,0.0,0.0,0.0,0.0,0.0,0.0,21.0,6.274523809523809,0.19415138913940816,5.95,6.14,6.31,6.4,6.59,21.0,6.266666666666667,0.20117985319940299,5.84,6.1,6.31,6.4,6.61,21.0,11132009.38095238,5126983.327203303,5601368.0,7064512.0,9186574.0,13611580.0,23692868.0
2017-12-31,20.0,5.090000000000001,7.1234157980268815,-7.7,-0.9,5.85,10.6,16.1,20.0,1.235,4.277760727542537,0.0,0.0,0.0,0.0,19.1,20.0,3.0,9.233805168766386,0.0,0.0,0.0,0.0,30.0,20.0,5.55075,0.2671401908716609,5.18,5.3500000000000005,5.494999999999999,5.6975,6.05,20.0,5.4990000000000006,0.26263643071143444,5.14,5.3175,5.404999999999999,5.765000000000001,6.01,20.0,16822045.0,7426168.636029413,7816605.0,11102041.75,16527583.5,19411324.75,35254136.0
2018-01-31,21.0,3.9904761904761896,5.940278172098068,-7.1,0.0,2.2,6.7,16.1,21.0,2.3238095238095235,5.174930411310356,0.0,0.0,0.0,0.3,19.3,21.0,13.571428571428571,54.2084600671993,0.0,0.0,0.0,0.0,249.0,21.0,23.015238095238097,5.841347977177544,5.94,23.4,24.65,25.79,27.05,21.0,23.079523809523806,5.904483445815116,5.67,23.3,24.86,25.72,26.84,21.0,8877983.61904762,3829870.0219036476,3674144.0,6329877.0,8344380.0,10504712.0,20350366.0
2018-02-28,19.0,10.526315789473685,6.776170838170343,0.6,4.7,11.1,15.55,25.6,19.0,2.2736842105263158,4.945687471060369,0.0,0.0,0.0,2.15,21.6,19.0,0.6842105263157895,2.9824045403173014,0.0,0.0,0.0,0.0,13.0,19.0,22.416315789473686,0.6606916453932181,21.65,22.055,22.29,22.67,24.11,19.0,22.413684210526313,0.6232193347299857,21.67,22.015,22.26,22.595,24.2,19.0,4003899.5263157897,1743629.8905545475,1805573.0,2449370.0,4200192.0,4627439.5,8405208.0
2018-03-31,21.0,7.404761904761905,3.174031535835174,3.9,4.4,6.7,9.4,15.6,21.0,6.21904761904762,13.189943860669723,0.0,0.0,0.3,2.0,47.2,21.0,14.0,47.8194521089483,0.0,0.0,0.0,0.0,208.0,21.0,22.518095238095242,0.4600828082814988,21.67,22.17,22.54,22.82,23.27,21.0,22.495714285714293,0.4501285530664704,21.68,22.13,22.48,22.82,23.24,21.0,2503920.9523809524,1241044.858354825,1111976.0,1737845.0,2394720.0,2556564.0,6149759.0
2018-04-30,21.0,13.442857142857147,5.55189800235662,6.1,9.4,12.8,16.7,27.8,21.0,6.204761904761905,16.125212438615378,0.0,0.0,0.3,2.8,71.6,21.0,6.666666666666667,30.550504633038948,0.0,0.0,0.0,0.0,140.0,21.0,22.462857142857143,0.3047153238211503,21.94,22.18,22.47,22.76,22.91,21.0,22.471904761904764,0.32021272691164304,21.94,22.23,22.56,22.62,23.05,21.0,2464663.761904762,968446.2651987928,1061243.0,2062020.0,2398727.0,2852037.0,5173935.0
2018-05-31,22.0,25.30454545454546,4.685893447635936,17.8,21.7,25.3,28.749999999999996,33.3,22.0,2.4499999999999997,4.064802461082094,0.0,0.0,0.0,4.824999999999999,14.7,22.0,0.0,0.0,0.0,0.0,0.0,0.0,0.0,22.0,23.078181818181818,0.5962153363280143,22.24,22.54,23.119999999999997,23.455,24.15,22.0,23.130909090909086,0.6268432559519708,22.15,22.58,23.13,23.6575,24.03,22.0,2952504.227272727,1210360.0727393534,1240076.0,1799419.75,3016067.5,3929270.25,5033739.0
2018-06-30,21.0,26.171428571428578,3.365879210123687,21.7,23.9,25.6,28.3,32.8,21.0,3.3523809523809525,7.94837210047561,0.0,0.0,0.0,2.3,34.5,21.0,0.0,0.0,0.0,0.0,0.0,0.0,0.0,21.0,23.82523809523809,0.3216926957147001,23.27,23.63,23.83,24.0,24.35,21.0,23.813333333333336,0.2950988534937629,23.23,23.67,23.83,24.0,24.52,21.0,2846989.1428571427,929571.4679564065,1106187.0,2308257.0,2604199.0,3448417.0,4742756.0
2018-07-31,21.0,29.604761904761908,2.710807294972513,25.0,27.8,29.4,31.1,35.0,21.0,5.757142857142857,13.019699360145434,0.0,0.0,0.0,5.8,56.9,21.0,0.0,0.0,0.0,0.0,0.0,0.0,0.0,21.0,22.664761904761907,0.36179578559760783,21.97,22.4,22.68,22.9,23.2,21.0,22.646190476190476,0.34677768368907785,22.09,22.41,22.62,22.9,23.44,21.0,1748366.1904761905,647888.0664971087,888798.0,1259075.0,1648005.0,2173877.0,3628705.0
2018-08-31,23.0,29.391304347826093,3.072445434603616,23.3,27.8,30.0,31.650000000000002,34.4,23.0,5.373913043478261,8.30324237825772,0.0,0.0,0.0,9.55,26.4,23.0,0.0,0.0,0.0,0.0,0.0,0.0,0.0,23.0,23.831304347826087,0.4210517604526041,22.62,23.535,23.99,24.175,24.23,23.0,23.845652173913045,0.3911036375897932,23.08,23.535,23.95,24.165,24.38,23.0,1822003.9130434783,632893.758542237,1039841.0,1354697.5,1586122.0,2215867.0,3214777.0
2018-09-30,19.0,24.87894736842106,4.4592698639237165,17.8,22.2,23.9,26.65,33.9,19.0,7.6421052631578945,13.602177758215111,0.0,0.0,0.3,7.199999999999999,49.5,19.0,0.0,0.0,0.0,0.0,0.0,0.0,0.0,19.0,23.80631578947369,0.9485908292849499,22.61,22.935000000000002,23.48,24.79,25.32,19.0,23.89210526315789,1.0106960140163495,22.69,22.990000000000002,23.77,24.729999999999997,25.71,19.0,2661240.1052631577,1104864.6209220432,1300536.0,1758236.0,2465029.0,3324205.0,4627063.0
2018-10-31,23.0,18.260869565217394,5.7455705571916855,10.0,13.05,17.8,23.85,26.7,23.0,2.3086956521739124,5.875907128689172,0.0,0.0,0.0,0.55,21.3,23.0,0.0,0.0,0.0,0.0,0.0,0.0,0.0,23.0,26.53391304347826,0.4547300810814214,25.55,26.355,26.48,26.825,27.41,23.0,26.546521739130437,0.4139346533369748,25.92,26.189999999999998,26.62,26.83,27.47,23.0,3726082.9565217393,902601.2797740599,2368624.0,3138615.0,3478553.0,4302366.5,5999341.0
2018-11-30,21.0,10.076190476190474,5.364224525679808,0.0,6.7,9.4,11.7,22.2,21.0,6.585714285714286,9.966157018343917,0.0,0.0,0.5,7.9,29.5,21.0,7.761904761904762,35.569516108466765,0.0,0.0,0.0,0.0,163.0,21.0,33.20428571428571,3.5281589695315194,25.89,29.85,33.96,35.92,37.21,21.0,33.6204761904762,3.7236896704619147,26.75,30.24,34.56,36.68,39.32,21.0,10208756.523809524,9092346.227759168,2420625.0,4417426.0,7420610.0,14272978.0,43146389.0
2018-12-31,19.0,7.5473684210526315,3.7670159751088326,3.9,4.7,6.1,8.600000000000001,16.1,19.0,5.721052631578947,12.06986969217004,0.0,0.0,0.0,2.75,40.9,19.0,0.0,0.0,0.0,0.0,0.0,0.0,0.0,19.0,31.20421052631579,3.759149306528264,24.22,28.674999999999997,30.08,34.760000000000005,36.58,19.0,31.07263157894737,3.763526481765124,24.49,28.785,30.25,34.385,36.52,19.0,4609086.947368421,1295988.508692645,2105094.0,3620930.0,4591458.0,5561480.5,7080000.0
2019-01-31,21.0,3.7095238095238106,4.914967422262813,-8.8,1.1,3.9,6.7,15.0,21.0,2.2380952380952377,7.393948619680568,0.0,0.0,0.0,0.3,33.8,21.0,1.0952380952380953,3.4914862437758787,0.0,0.0,0.0,0.0,13.0,21.0,26.316190476190474,1.7452033583238264,24.21,25.1,25.67,27.11,30.18,21.0,26.270952380952377,1.6359703688083862,24.21,24.89,25.85,27.4,29.75,21.0,3625362.619047619,1632851.7100576977,1630633.0,2623624.0,3419310.0,3972203.0,8621486.0
2019-02-28,19.0,6.326315789473684,6.188056785746697,-6.0,2.2,6.1,9.45,18.3,19.0,3.236842105263158,5.813987972153958,0.0,0.0,0.0,2.25,19.1,19.0,3.473684210526316,9.912777506568823,0.0,0.0,0.0,0.0,33.0,19.0,23.92473684210526,0.645199094346101,23.08,23.439999999999998,23.87,24.255000000000003,25.24,19.0,23.88894736842105,0.6245700275375416,22.95,23.485,23.81,24.235,25.08,19.0,2557786.0,973687.4924906747,1061294.0,1922164.5,2359098.0,2756068.5,5253194.0
2019-03-31,21.0,8.395238095238096,6.119761122010906,-3.2,3.9,9.4,11.7,23.9,21.0,2.6904761904761907,5.799560738702955,0.0,0.0,0.0,0.0,19.1,21.0,4.142857142857143,13.297690454683151,0.0,0.0,0.0,0.0,51.0,21.0,24.64095238095238,0.5373444403909354,23.62,24.31,24.69,25.08,25.3,21.0,24.669523809523817,0.5516926335422304,23.48,24.39,24.86,25.1,25.43,21.0,1271886.380952381,294017.04533572134,836578.0,1039693.0,1249484.0,1513043.0,1800585.0
2019-04-30,21.0,16.46666666666667,4.817502810931545,7.2,15.0,16.7,18.9,26.1,21.0,4.252380952380952,7.9715506049713465,0.0,0.0,0.3,5.1,26.2,21.0,0.0,0.0,0.0,0.0,0.0,0.0,0.0,21.0,22.847619047619048,0.7394856642417403,21.69,22.29,22.8,23.57,23.78,21.0,22.805238095238092,0.7556230478725426,21.64,22.15,22.66,23.5,23.85,21.0,1358115.7142857143,515189.19988729793,753791.0,958971.0,1203661.0,1724135.0,2787336.0
2019-05-31,22.0,20.681818181818183,5.089450935269031,8.9,20.725,21.7,23.175,29.4,22.0,4.363636363636363,7.357635842769415,0.0,0.0,0.55,3.9749999999999996,24.1,22.0,0.0,0.0,0.0,0.0,0.0,0.0,0.0,22.0,22.34090909090909,0.5372408264714305,20.89,22.0425,22.39,22.7875,23.14,22.0,22.288181818181823,0.5853906824354579,20.59,22.03,22.405,22.7,23.05,22.0,1171787.1363636365,497026.1808624318,512979.0,777571.75,1026220.5,1468640.0,2559338.0
2019-06-30,20.0,25.335,3.870165915116083,18.3,22.525000000000002,25.0,28.450000000000003,31.7,20.0,5.61,7.823305264602545,0.0,0.0,0.0,11.925,21.8,20.0,0.0,0.0,0.0,0.0,0.0,0.0,0.0,20.0,19.927,0.5113254190928965,18.63,19.5275,20.055,20.2675,20.56,20.0,19.8825,0.5396477896203274,18.69,19.5225,19.94,20.3125,20.74,20.0,1916293.95,1089119.6687116025,590463.0,1287132.25,1646708.0,2087292.5,5312449.0
2019-07-31,22.0,30.12727272727273,2.5816535524611086,23.3,29.4,30.6,31.925000000000004,33.9,22.0,6.654545454545455,13.417675878259468,0.0,0.0,0.0,7.074999999999999,46.2,22.0,0.0,0.0,0.0,0.0,0.0,0.0,0.0,22.0,19.888636363636365,0.8201468826319523,18.39,19.405,19.85,20.59,21.19,22.0,19.791363636363634,0.8160082600804237,18.4,19.26,19.695,20.66,21.09,22.0,2140605.3181818184,1053097.3808378149,1036291.0,1322292.5,1916199.0,2561196.5,5265736.0
2019-08-31,22.0,28.022727272727273,2.7965849613211193,23.3,26.1,28.9,29.85,32.2,22.0,3.2909090909090906,8.082957326016212,0.0,0.0,0.0,2.0,30.0,22.0,0.0,0.0,0.0,0.0,0.0,0.0,0.0,22.0,18.876818181818184,0.5843546408820128,17.75,18.4525,18.795,19.1675,20.39,22.0,18.927727272727275,0.5740078962305872,18.1,18.480000000000004,18.81,19.27,20.31,22.0,1946990.0454545454,855856.1049927047,838798.0,1321958.25,1802880.5,2383681.5,3944772.0
2019-09-30,20.0,25.244999999999997,3.4545888627340764,19.4,23.025000000000002,24.7,27.349999999999998,31.7,20.0,0.8,2.045276972621763,0.0,0.0,0.0,0.075,8.1,20.0,0.0,0.0,0.0,0.0,0.0,0.0,0.0,20.0,21.701500000000003,0.9927435403174908,19.64,21.0625,22.015,22.39,23.07,20.0,21.750000000000004,0.9778063525861833,19.65,21.1325,21.91,22.419999999999998,23.27,20.0,1988832.8,743021.6830842328,1031680.0,1420996.5,1974135.5,2408707.25,3849875.0
2019-10-31,23.0,19.413043478260864,4.564318563878858,13.9,17.2,18.3,20.549999999999997,33.9,23.0,4.6521739130434785,10.349653905729381,0.0,0.0,0.0,3.4499999999999997,46.5,23.0,0.0,0.0,0.0,0.0,0.0,0.0,0.0,23.0,19.81847826086956,0.6719771282339636,18.92,19.375,19.63,19.995,21.4,23.0,19.84608695652174,0.6684700246929876,18.88,19.39,19.64,20.085,21.35,23.0,3420760.6086956523,1421417.4558834424,1456311.0,2190345.0,3052811.0,4701818.5,6859214.0
2019-11-30,20.0,11.309999999999999,4.954519467909551,1.1,8.475000000000001,11.7,14.175,21.7,20.0,1.2950000000000002,2.8634677173701566,0.0,0.0,0.0,1.2,12.2,19.0,0.0,0.0,0.0,0.0,0.0,0.0,0.0,20.0,20.5675,1.356892250308538,17.84,19.9125,20.47,21.2975,22.67,20.0,20.548499999999997,1.355088946391188,17.83,19.81,20.73,21.307499999999997,22.69,20.0,4404610.3,1496129.9801420332,2463360.0,3138115.25,4314492.5,5338471.25,7683930.0
2019-12-31,21.0,5.957142857142857,4.835346050550201,-3.8,2.2,5.0,8.9,14.4,21.0,6.123809523809523,10.764241950174883,0.0,0.0,0.5,6.6,39.9,21.0,3.0476190476190474,8.083787419744477,0.0,0.0,0.0,0.0,33.0,21.0,17.559523809523814,0.5931144593624086,16.67,17.14,17.46,17.91,18.67,21.0,17.584285714285713,0.5751397345738815,16.47,17.22,17.53,17.92,18.68,21.0,4910075.80952381,1889907.8830247684,2533141.0,3554462.0,4259688.0,5229047.0,9112008.0
2020-01-31,21.0,6.638095238095237,3.3480555835404213,0.6,5.0,7.2,9.4,12.8,21.0,0.47142857142857136,1.0512577500988312,0.0,0.0,0.0,0.0,3.8,21.0,0.23809523809523808,1.0910894511799625,0.0,0.0,0.0,0.0,5.0,21.0,15.728323809523813,1.0116917524151128,14.37,14.89,15.76,16.49,17.3848,21.0,15.628571428571428,1.0251062662684574,14.21,14.66,15.54,16.62,17.04,21.0,4755936.619047619,1806066.7018113278,3250168.0,3647282.0,4290677.0,4874848.0,10285377.0
2020-02-29,19.0,8.778947368421052,4.374494122799728,1.7,5.85,8.3,12.25,16.7,19.0,3.310526315789473,4.511700189118424,0.0,0.0,0.0,6.75,13.0,19.0,0.0,0.0,0.0,0.0,0.0,0.0,0.0,19.0,14.35578947368421,0.5380243260658356,13.22,14.12,14.44,14.620000000000001,15.19,19.0,14.326842105263157,0.5541064140836622,13.1,14.059999999999999,14.36,14.64,15.28,19.0,3901593.4210526315,1371488.1673096449,1998837.0,2912847.0,3710313.0,4296619.0,6708583.0
2020-03-31,22.0,13.427272727272726,5.304461897055725,5.0,10.15,12.5,15.45,25.0,22.0,3.7909090909090906,7.890072670973745,0.0,0.0,0.0,3.4499999999999997,29.5,22.0,0.0,0.0,0.0,0.0,0.0,0.0,0.0,22.0,13.475,0.8154621827090274,12.26,12.8125,13.309999999999999,14.0525,15.27,22.0,13.410454545454547,0.8127934035676696,12.01,12.754999999999999,13.265,14.0575,14.97,22.0,3822538.272727273,2456821.9703968354,1723850.0,2202022.75,2813304.5,4394581.0,11121381.0
2020-04-30,21.0,14.257142857142856,3.4634623469256063,9.4,11.1,14.4,16.1,20.0,21.0,4.866666666666666,11.048589653586259,0.0,0.0,0.3,3.3,48.8,21.0,0.0,0.0,0.0,0.0,0.0,0.0,0.0,21.0,13.144761904761905,0.7478276475740855,11.73,12.73,13.4,13.71,14.2,21.0,13.175714285714285,0.6578265077402359,11.75,12.98,13.2,13.47,14.31,21.0,4626756.238095238,1382690.3589180373,3307036.0,3717895.0,3956919.0,5662916.0,7895811.0
